,S_mean_std,A_mean_std,count,L2_norm
0,2.8603103417735052e-05,0.02546137347639201,100,252.8608748743403
1,5.881639046050936e-06,0.005348952476941513,100,511.8256418516447
2,3.7131466758907717e-06,0.0034355940325688414,100,365.38319154095274
3,4.421888226262411e-05,0.03980109439374359,100,197.86366450869195
4,3.4389449850622416e-05,0.03077157773680332,100,310.8793002985478
